{
    "MEGCoordinateSystem": "ElektaNeuromag",
    "MEGCoordinateUnits": "m",
    "MEGCoordinateSystemDescription": "RAS orientation and the origin between the ears",
    "HeadCoilCoordinates": {
        "NAS": [
            -7.450580596923828e-09,
            0.08418118953704834,
            1.862645149230957e-08
        ],
        "LPA": [
            -0.06569574773311615,
            2.9802322387695312e-08,
            3.725290298461914e-09
        ],
        "RPA": [
            0.07293640077114105,
            0.0,
            1.1175870895385742e-08
        ],
        "coil1": [
            -0.1608043909072876,
            -0.07516208291053772,
            -0.1412385255098343
        ],
        "coil2": [
            -0.06159503757953644,
            -0.036216914653778076,
            -0.02072189375758171
        ],
        "coil3": [
            -0.05077817663550377,
            0.07626795768737793,
            0.06572099775075912
        ],
        "coil4": [
            0.05446688085794449,
            0.07819092273712158,
            0.07072627544403076
        ],
        "coil5": [
            0.06472072005271912,
            -0.03298115357756615,
            -0.026451727375388145
        ]
    },
    "HeadCoilCoordinateSystem": "ElektaNeuromag",
    "HeadCoilCoordinateUnits": "m",
    "AnatomicalLandmarkCoordinates": {
        "NAS": [
            -7.450580596923828e-09,
            0.08418118953704834,
            1.862645149230957e-08
        ],
        "LPA": [
            -0.06569574773311615,
            2.9802322387695312e-08,
            3.725290298461914e-09
        ],
        "RPA": [
            0.07293640077114105,
            0.0,
            1.1175870895385742e-08
        ],
        "coil1": [
            -0.1608043909072876,
            -0.07516208291053772,
            -0.1412385255098343
        ],
        "coil2": [
            -0.06159503757953644,
            -0.036216914653778076,
            -0.02072189375758171
        ],
        "coil3": [
            -0.05077817663550377,
            0.07626795768737793,
            0.06572099775075912
        ],
        "coil4": [
            0.05446688085794449,
            0.07819092273712158,
            0.07072627544403076
        ],
        "coil5": [
            0.06472072005271912,
            -0.03298115357756615,
            -0.026451727375388145
        ]
    },
    "AnatomicalLandmarkCoordinateSystem": "ElektaNeuromag",
    "AnatomicalLandmarkCoordinateUnits": "m"
}
