{
    "MEGCoordinateSystem": "ElektaNeuromag",
    "MEGCoordinateUnits": "m",
    "MEGCoordinateSystemDescription": "RAS orientation and the origin between the ears",
    "HeadCoilCoordinates": {
        "NAS": [
            -3.725290298461914e-09,
            0.08023354411125183,
            3.725290298461914e-09
        ],
        "LPA": [
            -0.062212906777858734,
            0.0,
            1.1175870895385742e-08
        ],
        "RPA": [
            0.057267460972070694,
            0.0,
            3.725290298461914e-09
        ],
        "coil1": [
            -0.12002677470445633,
            -0.1074652373790741,
            -0.1521909534931183
        ],
        "coil2": [
            -0.047381721436977386,
            -0.03328666090965271,
            -0.03474876284599304
        ],
        "coil3": [
            -0.04242391884326935,
            0.06698951125144958,
            0.057000547647476196
        ],
        "coil4": [
            0.04056674242019653,
            0.07077470421791077,
            0.061237432062625885
        ],
        "coil5": [
            0.050032954663038254,
            -0.02591562271118164,
            -0.02910628542304039
        ]
    },
    "HeadCoilCoordinateSystem": "ElektaNeuromag",
    "HeadCoilCoordinateUnits": "m",
    "AnatomicalLandmarkCoordinates": {
        "NAS": [
            -3.725290298461914e-09,
            0.08023354411125183,
            3.725290298461914e-09
        ],
        "LPA": [
            -0.062212906777858734,
            0.0,
            1.1175870895385742e-08
        ],
        "RPA": [
            0.057267460972070694,
            0.0,
            3.725290298461914e-09
        ],
        "coil1": [
            -0.12002677470445633,
            -0.1074652373790741,
            -0.1521909534931183
        ],
        "coil2": [
            -0.047381721436977386,
            -0.03328666090965271,
            -0.03474876284599304
        ],
        "coil3": [
            -0.04242391884326935,
            0.06698951125144958,
            0.057000547647476196
        ],
        "coil4": [
            0.04056674242019653,
            0.07077470421791077,
            0.061237432062625885
        ],
        "coil5": [
            0.050032954663038254,
            -0.02591562271118164,
            -0.02910628542304039
        ]
    },
    "AnatomicalLandmarkCoordinateSystem": "ElektaNeuromag",
    "AnatomicalLandmarkCoordinateUnits": "m"
}
