{
    "MEGCoordinateSystem": "ElektaNeuromag",
    "MEGCoordinateUnits": "m",
    "MEGCoordinateSystemDescription": "RAS orientation and the origin between the ears",
    "HeadCoilCoordinates": {
        "NAS": [
            5.587935447692871e-09,
            0.08793556690216064,
            -1.4901161193847656e-08
        ],
        "LPA": [
            -0.06796010583639145,
            0.0,
            -7.450580596923828e-09
        ],
        "RPA": [
            0.0630333423614502,
            0.0,
            7.450580596923828e-09
        ],
        "coil1": [
            -0.16078965365886688,
            -0.0723065435886383,
            -0.1451016664505005
        ],
        "coil2": [
            -0.06586700677871704,
            -0.039061788469552994,
            -0.021481826901435852
        ],
        "coil3": [
            -0.0533580407500267,
            0.07829594612121582,
            0.06024448946118355
        ],
        "coil4": [
            0.056878894567489624,
            0.0768517553806305,
            0.07024622708559036
        ],
        "coil5": [
            0.05690418928861618,
            -0.04318466782569885,
            -0.029111959040164948
        ]
    },
    "HeadCoilCoordinateSystem": "ElektaNeuromag",
    "HeadCoilCoordinateUnits": "m",
    "AnatomicalLandmarkCoordinates": {
        "NAS": [
            5.587935447692871e-09,
            0.08793556690216064,
            -1.4901161193847656e-08
        ],
        "LPA": [
            -0.06796010583639145,
            0.0,
            -7.450580596923828e-09
        ],
        "RPA": [
            0.0630333423614502,
            0.0,
            7.450580596923828e-09
        ],
        "coil1": [
            -0.16078965365886688,
            -0.0723065435886383,
            -0.1451016664505005
        ],
        "coil2": [
            -0.06586700677871704,
            -0.039061788469552994,
            -0.021481826901435852
        ],
        "coil3": [
            -0.0533580407500267,
            0.07829594612121582,
            0.06024448946118355
        ],
        "coil4": [
            0.056878894567489624,
            0.0768517553806305,
            0.07024622708559036
        ],
        "coil5": [
            0.05690418928861618,
            -0.04318466782569885,
            -0.029111959040164948
        ]
    },
    "AnatomicalLandmarkCoordinateSystem": "ElektaNeuromag",
    "AnatomicalLandmarkCoordinateUnits": "m"
}
