{
    "MEGCoordinateSystem": "ElektaNeuromag",
    "MEGCoordinateUnits": "m",
    "MEGCoordinateSystemDescription": "RAS orientation and the origin between the ears",
    "HeadCoilCoordinates": {
        "NAS": [
            -7.450580596923828e-09,
            0.08486288785934448,
            -3.725290298461914e-09
        ],
        "LPA": [
            -0.05799846723675728,
            0.0,
            -1.4901161193847656e-08
        ],
        "RPA": [
            0.05778823420405388,
            2.9802322387695312e-08,
            -1.1175870895385742e-08
        ],
        "coil1": [
            -0.13492760062217712,
            -0.08402333408594131,
            -0.12251690030097961
        ],
        "coil2": [
            -0.049441590905189514,
            -0.03922092914581299,
            -0.024645859375596046
        ],
        "coil3": [
            -0.033117201179265976,
            0.09255397319793701,
            0.05990074574947357
        ],
        "coil4": [
            0.037568554282188416,
            0.08800056576728821,
            0.05938950181007385
        ],
        "coil5": [
            0.0511576272547245,
            -0.03347232937812805,
            -0.017855249345302582
        ]
    },
    "HeadCoilCoordinateSystem": "ElektaNeuromag",
    "HeadCoilCoordinateUnits": "m",
    "AnatomicalLandmarkCoordinates": {
        "NAS": [
            -7.450580596923828e-09,
            0.08486288785934448,
            -3.725290298461914e-09
        ],
        "LPA": [
            -0.05799846723675728,
            0.0,
            -1.4901161193847656e-08
        ],
        "RPA": [
            0.05778823420405388,
            2.9802322387695312e-08,
            -1.1175870895385742e-08
        ],
        "coil1": [
            -0.13492760062217712,
            -0.08402333408594131,
            -0.12251690030097961
        ],
        "coil2": [
            -0.049441590905189514,
            -0.03922092914581299,
            -0.024645859375596046
        ],
        "coil3": [
            -0.033117201179265976,
            0.09255397319793701,
            0.05990074574947357
        ],
        "coil4": [
            0.037568554282188416,
            0.08800056576728821,
            0.05938950181007385
        ],
        "coil5": [
            0.0511576272547245,
            -0.03347232937812805,
            -0.017855249345302582
        ]
    },
    "AnatomicalLandmarkCoordinateSystem": "ElektaNeuromag",
    "AnatomicalLandmarkCoordinateUnits": "m"
}
