{
    "MEGCoordinateSystem": "ElektaNeuromag",
    "MEGCoordinateUnits": "m",
    "MEGCoordinateSystemDescription": "RAS orientation and the origin between the ears",
    "HeadCoilCoordinates": {
        "NAS": [
            1.210719347000122e-08,
            0.0828981101512909,
            -1.4901161193847656e-08
        ],
        "LPA": [
            -0.06838461756706238,
            -2.9802322387695312e-08,
            -1.1175870895385742e-08
        ],
        "RPA": [
            0.05950242280960083,
            0.0,
            -7.450580596923828e-09
        ],
        "coil1": [
            -0.13182814419269562,
            -0.0841897577047348,
            -0.13271258771419525
        ],
        "coil2": [
            -0.05875537544488907,
            -0.03312233090400696,
            -0.026131723076105118
        ],
        "coil3": [
            -0.04395852982997894,
            0.07197245955467224,
            0.056503888219594955
        ],
        "coil4": [
            0.04695245623588562,
            0.06468397378921509,
            0.057978346943855286
        ],
        "coil5": [
            0.04710483178496361,
            -0.03310707211494446,
            -0.02855188027024269
        ]
    },
    "HeadCoilCoordinateSystem": "ElektaNeuromag",
    "HeadCoilCoordinateUnits": "m",
    "AnatomicalLandmarkCoordinates": {
        "NAS": [
            1.210719347000122e-08,
            0.0828981101512909,
            -1.4901161193847656e-08
        ],
        "LPA": [
            -0.06838461756706238,
            -2.9802322387695312e-08,
            -1.1175870895385742e-08
        ],
        "RPA": [
            0.05950242280960083,
            0.0,
            -7.450580596923828e-09
        ],
        "coil1": [
            -0.13182814419269562,
            -0.0841897577047348,
            -0.13271258771419525
        ],
        "coil2": [
            -0.05875537544488907,
            -0.03312233090400696,
            -0.026131723076105118
        ],
        "coil3": [
            -0.04395852982997894,
            0.07197245955467224,
            0.056503888219594955
        ],
        "coil4": [
            0.04695245623588562,
            0.06468397378921509,
            0.057978346943855286
        ],
        "coil5": [
            0.04710483178496361,
            -0.03310707211494446,
            -0.02855188027024269
        ]
    },
    "AnatomicalLandmarkCoordinateSystem": "ElektaNeuromag",
    "AnatomicalLandmarkCoordinateUnits": "m"
}
