{
    "MEGCoordinateSystem": "ElektaNeuromag",
    "MEGCoordinateUnits": "m",
    "MEGCoordinateSystemDescription": "RAS orientation and the origin between the ears",
    "HeadCoilCoordinates": {
        "NAS": [
            -1.862645149230957e-08,
            0.07881459593772888,
            -7.450580596923828e-09
        ],
        "LPA": [
            -0.06246108189225197,
            0.0,
            -7.450580596923828e-09
        ],
        "RPA": [
            0.0653836652636528,
            0.0,
            -7.450580596923828e-09
        ],
        "coil1": [
            -0.10174286365509033,
            -0.12344996631145477,
            -0.14875495433807373
        ],
        "coil2": [
            -0.04513230547308922,
            -0.04245113953948021,
            -0.023790381848812103
        ],
        "coil3": [
            -0.04727834090590477,
            0.07160172611474991,
            0.04557338356971741
        ],
        "coil4": [
            0.040440093725919724,
            0.08071622252464294,
            0.04758618772029877
        ],
        "coil5": [
            0.04993472993373871,
            -0.04400184750556946,
            -0.02997102588415146
        ]
    },
    "HeadCoilCoordinateSystem": "ElektaNeuromag",
    "HeadCoilCoordinateUnits": "m",
    "AnatomicalLandmarkCoordinates": {
        "NAS": [
            -1.862645149230957e-08,
            0.07881459593772888,
            -7.450580596923828e-09
        ],
        "LPA": [
            -0.06246108189225197,
            0.0,
            -7.450580596923828e-09
        ],
        "RPA": [
            0.0653836652636528,
            0.0,
            -7.450580596923828e-09
        ],
        "coil1": [
            -0.10174286365509033,
            -0.12344996631145477,
            -0.14875495433807373
        ],
        "coil2": [
            -0.04513230547308922,
            -0.04245113953948021,
            -0.023790381848812103
        ],
        "coil3": [
            -0.04727834090590477,
            0.07160172611474991,
            0.04557338356971741
        ],
        "coil4": [
            0.040440093725919724,
            0.08071622252464294,
            0.04758618772029877
        ],
        "coil5": [
            0.04993472993373871,
            -0.04400184750556946,
            -0.02997102588415146
        ]
    },
    "AnatomicalLandmarkCoordinateSystem": "ElektaNeuromag",
    "AnatomicalLandmarkCoordinateUnits": "m"
}
