{
    "MEGCoordinateSystem": "ElektaNeuromag",
    "MEGCoordinateUnits": "m",
    "MEGCoordinateSystemDescription": "RAS orientation and the origin between the ears",
    "HeadCoilCoordinates": {
        "NAS": [
            7.450580596923828e-09,
            0.09741222858428955,
            9.313225746154785e-10
        ],
        "LPA": [
            -0.05902203917503357,
            0.0,
            -1.862645149230957e-09
        ],
        "RPA": [
            0.06721712648868561,
            0.0,
            -2.7939677238464355e-09
        ],
        "coil1": [
            -0.1333531141281128,
            -0.13051894307136536,
            -0.12308086454868317
        ],
        "coil2": [
            -0.052715662866830826,
            -0.04109278321266174,
            -0.01312074065208435
        ],
        "coil3": [
            -0.05456335097551346,
            0.07683762907981873,
            0.07513843476772308
        ],
        "coil4": [
            0.057032376527786255,
            0.08077210187911987,
            0.07267686724662781
        ],
        "coil5": [
            0.06674841046333313,
            -0.03307083249092102,
            -0.015576702542603016
        ]
    },
    "HeadCoilCoordinateSystem": "ElektaNeuromag",
    "HeadCoilCoordinateUnits": "m",
    "AnatomicalLandmarkCoordinates": {
        "NAS": [
            7.450580596923828e-09,
            0.09741222858428955,
            9.313225746154785e-10
        ],
        "LPA": [
            -0.05902203917503357,
            0.0,
            -1.862645149230957e-09
        ],
        "RPA": [
            0.06721712648868561,
            0.0,
            -2.7939677238464355e-09
        ],
        "coil1": [
            -0.1333531141281128,
            -0.13051894307136536,
            -0.12308086454868317
        ],
        "coil2": [
            -0.052715662866830826,
            -0.04109278321266174,
            -0.01312074065208435
        ],
        "coil3": [
            -0.05456335097551346,
            0.07683762907981873,
            0.07513843476772308
        ],
        "coil4": [
            0.057032376527786255,
            0.08077210187911987,
            0.07267686724662781
        ],
        "coil5": [
            0.06674841046333313,
            -0.03307083249092102,
            -0.015576702542603016
        ]
    },
    "AnatomicalLandmarkCoordinateSystem": "ElektaNeuromag",
    "AnatomicalLandmarkCoordinateUnits": "m"
}
