{
    "MEGCoordinateSystem": "ElektaNeuromag",
    "MEGCoordinateUnits": "m",
    "MEGCoordinateSystemDescription": "RAS orientation and the origin between the ears",
    "HeadCoilCoordinates": {
        "NAS": [
            -6.402842700481415e-09,
            0.08568030595779419,
            0.0
        ],
        "LPA": [
            -0.06032412871718407,
            2.9802322387695312e-08,
            0.0
        ],
        "RPA": [
            0.05978509783744812,
            0.0,
            7.450580596923828e-09
        ],
        "coil1": [
            -0.13869938254356384,
            -0.04576857388019562,
            -0.1455238163471222
        ],
        "coil2": [
            -0.052678581327199936,
            -0.02758195996284485,
            -0.02798694558441639
        ],
        "coil3": [
            -0.047342605888843536,
            0.07895883917808533,
            0.048945099115371704
        ],
        "coil4": [
            0.0535348504781723,
            0.07120856642723083,
            0.0482608862221241
        ],
        "coil5": [
            0.04977165162563324,
            -0.035427480936050415,
            -0.037103671580553055
        ]
    },
    "HeadCoilCoordinateSystem": "ElektaNeuromag",
    "HeadCoilCoordinateUnits": "m",
    "AnatomicalLandmarkCoordinates": {
        "NAS": [
            -6.402842700481415e-09,
            0.08568030595779419,
            0.0
        ],
        "LPA": [
            -0.06032412871718407,
            2.9802322387695312e-08,
            0.0
        ],
        "RPA": [
            0.05978509783744812,
            0.0,
            7.450580596923828e-09
        ],
        "coil1": [
            -0.13869938254356384,
            -0.04576857388019562,
            -0.1455238163471222
        ],
        "coil2": [
            -0.052678581327199936,
            -0.02758195996284485,
            -0.02798694558441639
        ],
        "coil3": [
            -0.047342605888843536,
            0.07895883917808533,
            0.048945099115371704
        ],
        "coil4": [
            0.0535348504781723,
            0.07120856642723083,
            0.0482608862221241
        ],
        "coil5": [
            0.04977165162563324,
            -0.035427480936050415,
            -0.037103671580553055
        ]
    },
    "AnatomicalLandmarkCoordinateSystem": "ElektaNeuromag",
    "AnatomicalLandmarkCoordinateUnits": "m"
}
