{
    "MEGCoordinateSystem": "ElektaNeuromag",
    "MEGCoordinateUnits": "m",
    "MEGCoordinateSystemDescription": "RAS orientation and the origin between the ears",
    "HeadCoilCoordinates": {
        "NAS": [
            0.0,
            0.08858028054237366,
            7.450580596923828e-09
        ],
        "LPA": [
            -0.06685316562652588,
            -2.9802322387695312e-08,
            -3.725290298461914e-09
        ],
        "RPA": [
            0.05655955523252487,
            -2.9802322387695312e-08,
            -3.725290298461914e-09
        ],
        "coil1": [
            -0.13801735639572144,
            -0.1001405268907547,
            -0.10850682854652405
        ],
        "coil2": [
            -0.06282435357570648,
            -0.03161787986755371,
            -0.02452370524406433
        ],
        "coil3": [
            -0.04778615012764931,
            0.0812411904335022,
            0.03952384740114212
        ],
        "coil4": [
            0.04334014281630516,
            0.07555487751960754,
            0.04313073679804802
        ],
        "coil5": [
            0.046228475868701935,
            -0.03666755557060242,
            -0.025222469121217728
        ]
    },
    "HeadCoilCoordinateSystem": "ElektaNeuromag",
    "HeadCoilCoordinateUnits": "m",
    "AnatomicalLandmarkCoordinates": {
        "NAS": [
            0.0,
            0.08858028054237366,
            7.450580596923828e-09
        ],
        "LPA": [
            -0.06685316562652588,
            -2.9802322387695312e-08,
            -3.725290298461914e-09
        ],
        "RPA": [
            0.05655955523252487,
            -2.9802322387695312e-08,
            -3.725290298461914e-09
        ],
        "coil1": [
            -0.13801735639572144,
            -0.1001405268907547,
            -0.10850682854652405
        ],
        "coil2": [
            -0.06282435357570648,
            -0.03161787986755371,
            -0.02452370524406433
        ],
        "coil3": [
            -0.04778615012764931,
            0.0812411904335022,
            0.03952384740114212
        ],
        "coil4": [
            0.04334014281630516,
            0.07555487751960754,
            0.04313073679804802
        ],
        "coil5": [
            0.046228475868701935,
            -0.03666755557060242,
            -0.025222469121217728
        ]
    },
    "AnatomicalLandmarkCoordinateSystem": "ElektaNeuromag",
    "AnatomicalLandmarkCoordinateUnits": "m"
}
