{
    "MEGCoordinateSystem": "ElektaNeuromag",
    "MEGCoordinateUnits": "m",
    "MEGCoordinateSystemDescription": "RAS orientation and the origin between the ears",
    "HeadCoilCoordinates": {
        "NAS": [
            -1.1175870895385742e-08,
            0.08291870355606079,
            3.725290298461914e-09
        ],
        "LPA": [
            -0.06491240859031677,
            0.0,
            7.450580596923828e-09
        ],
        "RPA": [
            0.06160609796643257,
            -2.9802322387695312e-08,
            7.450580596923828e-09
        ],
        "coil1": [
            -0.13158808648586273,
            -0.1257605105638504,
            -0.0981069952249527
        ],
        "coil2": [
            -0.04385890066623688,
            -0.047697871923446655,
            -0.03702414035797119
        ],
        "coil3": [
            -0.05075296387076378,
            0.07614493370056152,
            0.05320587754249573
        ],
        "coil4": [
            0.047668591141700745,
            0.07564244419336319,
            0.05535992234945297
        ],
        "coil5": [
            0.04966157674789429,
            -0.04139113053679466,
            -0.024335097521543503
        ]
    },
    "HeadCoilCoordinateSystem": "ElektaNeuromag",
    "HeadCoilCoordinateUnits": "m",
    "AnatomicalLandmarkCoordinates": {
        "NAS": [
            -1.1175870895385742e-08,
            0.08291870355606079,
            3.725290298461914e-09
        ],
        "LPA": [
            -0.06491240859031677,
            0.0,
            7.450580596923828e-09
        ],
        "RPA": [
            0.06160609796643257,
            -2.9802322387695312e-08,
            7.450580596923828e-09
        ],
        "coil1": [
            -0.13158808648586273,
            -0.1257605105638504,
            -0.0981069952249527
        ],
        "coil2": [
            -0.04385890066623688,
            -0.047697871923446655,
            -0.03702414035797119
        ],
        "coil3": [
            -0.05075296387076378,
            0.07614493370056152,
            0.05320587754249573
        ],
        "coil4": [
            0.047668591141700745,
            0.07564244419336319,
            0.05535992234945297
        ],
        "coil5": [
            0.04966157674789429,
            -0.04139113053679466,
            -0.024335097521543503
        ]
    },
    "AnatomicalLandmarkCoordinateSystem": "ElektaNeuromag",
    "AnatomicalLandmarkCoordinateUnits": "m"
}
