{
    "MEGCoordinateSystem": "ElektaNeuromag",
    "MEGCoordinateUnits": "m",
    "MEGCoordinateSystemDescription": "RAS orientation and the origin between the ears",
    "HeadCoilCoordinates": {
        "NAS": [
            -1.862645149230957e-09,
            0.09222358465194702,
            -7.450580596923828e-09
        ],
        "LPA": [
            -0.06117221713066101,
            2.9802322387695312e-08,
            -7.450580596923828e-09
        ],
        "RPA": [
            0.06595546007156372,
            2.9802322387695312e-08,
            -7.450580596923828e-09
        ],
        "coil1": [
            -0.1523992270231247,
            -0.10387057065963745,
            -0.12856733798980713
        ],
        "coil2": [
            -0.058833230286836624,
            -0.03558450937271118,
            -0.02117212861776352
        ],
        "coil3": [
            -0.04891226440668106,
            0.07800111174583435,
            0.059040579944849014
        ],
        "coil4": [
            0.05241828411817551,
            0.08623871207237244,
            0.05150240659713745
        ],
        "coil5": [
            0.057166747748851776,
            -0.037554383277893066,
            -0.029131434857845306
        ]
    },
    "HeadCoilCoordinateSystem": "ElektaNeuromag",
    "HeadCoilCoordinateUnits": "m",
    "AnatomicalLandmarkCoordinates": {
        "NAS": [
            -1.862645149230957e-09,
            0.09222358465194702,
            -7.450580596923828e-09
        ],
        "LPA": [
            -0.06117221713066101,
            2.9802322387695312e-08,
            -7.450580596923828e-09
        ],
        "RPA": [
            0.06595546007156372,
            2.9802322387695312e-08,
            -7.450580596923828e-09
        ],
        "coil1": [
            -0.1523992270231247,
            -0.10387057065963745,
            -0.12856733798980713
        ],
        "coil2": [
            -0.058833230286836624,
            -0.03558450937271118,
            -0.02117212861776352
        ],
        "coil3": [
            -0.04891226440668106,
            0.07800111174583435,
            0.059040579944849014
        ],
        "coil4": [
            0.05241828411817551,
            0.08623871207237244,
            0.05150240659713745
        ],
        "coil5": [
            0.057166747748851776,
            -0.037554383277893066,
            -0.029131434857845306
        ]
    },
    "AnatomicalLandmarkCoordinateSystem": "ElektaNeuromag",
    "AnatomicalLandmarkCoordinateUnits": "m"
}
