{
    "MEGCoordinateSystem": "ElektaNeuromag",
    "MEGCoordinateUnits": "m",
    "MEGCoordinateSystemDescription": "RAS orientation and the origin between the ears",
    "HeadCoilCoordinates": {
        "NAS": [
            -1.862645149230957e-09,
            0.07368111610412598,
            -7.450580596923828e-09
        ],
        "LPA": [
            -0.05430136248469353,
            0.0,
            -7.450580596923828e-09
        ],
        "RPA": [
            0.06579267978668213,
            0.0,
            0.0
        ],
        "coil1": [
            -0.10915455967187881,
            -0.10110272467136383,
            -0.1367022693157196
        ],
        "coil2": [
            -0.043453559279441833,
            -0.035585254430770874,
            -0.03342345356941223
        ],
        "coil3": [
            -0.028730612248182297,
            0.07229432463645935,
            0.05199074372649193
        ],
        "coil4": [
            0.029361141845583916,
            0.07903015613555908,
            0.05551508814096451
        ],
        "coil5": [
            0.049385540187358856,
            -0.03043273091316223,
            -0.04875876009464264
        ]
    },
    "HeadCoilCoordinateSystem": "ElektaNeuromag",
    "HeadCoilCoordinateUnits": "m",
    "AnatomicalLandmarkCoordinates": {
        "NAS": [
            -1.862645149230957e-09,
            0.07368111610412598,
            -7.450580596923828e-09
        ],
        "LPA": [
            -0.05430136248469353,
            0.0,
            -7.450580596923828e-09
        ],
        "RPA": [
            0.06579267978668213,
            0.0,
            0.0
        ],
        "coil1": [
            -0.10915455967187881,
            -0.10110272467136383,
            -0.1367022693157196
        ],
        "coil2": [
            -0.043453559279441833,
            -0.035585254430770874,
            -0.03342345356941223
        ],
        "coil3": [
            -0.028730612248182297,
            0.07229432463645935,
            0.05199074372649193
        ],
        "coil4": [
            0.029361141845583916,
            0.07903015613555908,
            0.05551508814096451
        ],
        "coil5": [
            0.049385540187358856,
            -0.03043273091316223,
            -0.04875876009464264
        ]
    },
    "AnatomicalLandmarkCoordinateSystem": "ElektaNeuromag",
    "AnatomicalLandmarkCoordinateUnits": "m"
}
