{
    "MEGCoordinateSystem": "ElektaNeuromag",
    "MEGCoordinateUnits": "m",
    "MEGCoordinateSystemDescription": "RAS orientation and the origin between the ears",
    "HeadCoilCoordinates": {
        "NAS": [
            -7.450580596923828e-09,
            0.08864942193031311,
            1.4901161193847656e-08
        ],
        "LPA": [
            -0.06198149174451828,
            -2.9802322387695312e-08,
            -7.450580596923828e-09
        ],
        "RPA": [
            0.06193435564637184,
            -2.9802322387695312e-08,
            -7.450580596923828e-09
        ],
        "coil1": [
            -0.15663227438926697,
            -0.07366296648979187,
            -0.1393377184867859
        ],
        "coil2": [
            -0.051507368683815,
            -0.03416284918785095,
            -0.028374560177326202
        ],
        "coil3": [
            -0.052950114011764526,
            0.08231079578399658,
            0.0556621178984642
        ],
        "coil4": [
            0.055855438113212585,
            0.08321422338485718,
            0.04405616968870163
        ],
        "coil5": [
            0.04767993092536926,
            -0.035718321800231934,
            -0.028685443103313446
        ]
    },
    "HeadCoilCoordinateSystem": "ElektaNeuromag",
    "HeadCoilCoordinateUnits": "m",
    "AnatomicalLandmarkCoordinates": {
        "NAS": [
            -7.450580596923828e-09,
            0.08864942193031311,
            1.4901161193847656e-08
        ],
        "LPA": [
            -0.06198149174451828,
            -2.9802322387695312e-08,
            -7.450580596923828e-09
        ],
        "RPA": [
            0.06193435564637184,
            -2.9802322387695312e-08,
            -7.450580596923828e-09
        ],
        "coil1": [
            -0.15663227438926697,
            -0.07366296648979187,
            -0.1393377184867859
        ],
        "coil2": [
            -0.051507368683815,
            -0.03416284918785095,
            -0.028374560177326202
        ],
        "coil3": [
            -0.052950114011764526,
            0.08231079578399658,
            0.0556621178984642
        ],
        "coil4": [
            0.055855438113212585,
            0.08321422338485718,
            0.04405616968870163
        ],
        "coil5": [
            0.04767993092536926,
            -0.035718321800231934,
            -0.028685443103313446
        ]
    },
    "AnatomicalLandmarkCoordinateSystem": "ElektaNeuromag",
    "AnatomicalLandmarkCoordinateUnits": "m"
}
