{
    "MEGCoordinateSystem": "ElektaNeuromag",
    "MEGCoordinateUnits": "m",
    "MEGCoordinateSystemDescription": "RAS orientation and the origin between the ears",
    "HeadCoilCoordinates": {
        "NAS": [
            0.0,
            0.07869821786880493,
            -3.725290298461914e-09
        ],
        "LPA": [
            -0.058848701417446136,
            -2.9802322387695312e-08,
            -9.313225746154785e-10
        ],
        "RPA": [
            0.06344056129455566,
            -2.9802322387695312e-08,
            -1.862645149230957e-09
        ],
        "coil1": [
            -0.14197900891304016,
            -0.1162414699792862,
            -0.07147166132926941
        ],
        "coil2": [
            -0.04524996876716614,
            -0.043376728892326355,
            -0.009020567871630192
        ],
        "coil3": [
            -0.03332304209470749,
            0.08542731404304504,
            0.0462191067636013
        ],
        "coil4": [
            0.04430288448929787,
            0.08502739667892456,
            0.05313209444284439
        ],
        "coil5": [
            0.046284813433885574,
            -0.038934916257858276,
            -0.012479906901717186
        ]
    },
    "HeadCoilCoordinateSystem": "ElektaNeuromag",
    "HeadCoilCoordinateUnits": "m",
    "AnatomicalLandmarkCoordinates": {
        "NAS": [
            0.0,
            0.07869821786880493,
            -3.725290298461914e-09
        ],
        "LPA": [
            -0.058848701417446136,
            -2.9802322387695312e-08,
            -9.313225746154785e-10
        ],
        "RPA": [
            0.06344056129455566,
            -2.9802322387695312e-08,
            -1.862645149230957e-09
        ],
        "coil1": [
            -0.14197900891304016,
            -0.1162414699792862,
            -0.07147166132926941
        ],
        "coil2": [
            -0.04524996876716614,
            -0.043376728892326355,
            -0.009020567871630192
        ],
        "coil3": [
            -0.03332304209470749,
            0.08542731404304504,
            0.0462191067636013
        ],
        "coil4": [
            0.04430288448929787,
            0.08502739667892456,
            0.05313209444284439
        ],
        "coil5": [
            0.046284813433885574,
            -0.038934916257858276,
            -0.012479906901717186
        ]
    },
    "AnatomicalLandmarkCoordinateSystem": "ElektaNeuromag",
    "AnatomicalLandmarkCoordinateUnits": "m"
}
