{
    "MEGCoordinateSystem": "ElektaNeuromag",
    "MEGCoordinateUnits": "m",
    "MEGCoordinateSystemDescription": "RAS orientation and the origin between the ears",
    "HeadCoilCoordinates": {
        "NAS": [
            -7.450580596923828e-09,
            0.09253790974617004,
            0.0
        ],
        "LPA": [
            -0.06692008674144745,
            0.0,
            1.4901161193847656e-08
        ],
        "RPA": [
            0.0636255219578743,
            0.0,
            7.450580596923828e-09
        ],
        "coil1": [
            -0.11846233904361725,
            -0.09803850203752518,
            -0.17526748776435852
        ],
        "coil2": [
            -0.055069953203201294,
            -0.026938794180750847,
            -0.03305387496948242
        ],
        "coil3": [
            -0.05189228802919388,
            0.08534586429595947,
            0.04654094576835632
        ],
        "coil4": [
            0.03808106482028961,
            0.08922814577817917,
            0.050740476697683334
        ],
        "coil5": [
            0.063466377556324,
            -0.02422606758773327,
            -0.02360028773546219
        ]
    },
    "HeadCoilCoordinateSystem": "ElektaNeuromag",
    "HeadCoilCoordinateUnits": "m",
    "AnatomicalLandmarkCoordinates": {
        "NAS": [
            -7.450580596923828e-09,
            0.09253790974617004,
            0.0
        ],
        "LPA": [
            -0.06692008674144745,
            0.0,
            1.4901161193847656e-08
        ],
        "RPA": [
            0.0636255219578743,
            0.0,
            7.450580596923828e-09
        ],
        "coil1": [
            -0.11846233904361725,
            -0.09803850203752518,
            -0.17526748776435852
        ],
        "coil2": [
            -0.055069953203201294,
            -0.026938794180750847,
            -0.03305387496948242
        ],
        "coil3": [
            -0.05189228802919388,
            0.08534586429595947,
            0.04654094576835632
        ],
        "coil4": [
            0.03808106482028961,
            0.08922814577817917,
            0.050740476697683334
        ],
        "coil5": [
            0.063466377556324,
            -0.02422606758773327,
            -0.02360028773546219
        ]
    },
    "AnatomicalLandmarkCoordinateSystem": "ElektaNeuromag",
    "AnatomicalLandmarkCoordinateUnits": "m"
}
