{
    "MEGCoordinateSystem": "ElektaNeuromag",
    "MEGCoordinateUnits": "m",
    "MEGCoordinateSystemDescription": "RAS orientation and the origin between the ears",
    "HeadCoilCoordinates": {
        "NAS": [
            -3.725290298461914e-09,
            0.08982416987419128,
            1.4901161193847656e-08
        ],
        "LPA": [
            -0.06879404187202454,
            0.0,
            1.4901161193847656e-08
        ],
        "RPA": [
            0.07442742586135864,
            0.0,
            0.0
        ],
        "coil1": [
            -0.15527351200580597,
            -0.08239370584487915,
            -0.18523187935352325
        ],
        "coil2": [
            -0.06464821845293045,
            -0.041689932346343994,
            -0.031154289841651917
        ],
        "coil3": [
            -0.04097861051559448,
            0.08245575428009033,
            0.062214285135269165
        ],
        "coil4": [
            0.05312798172235489,
            0.07857897877693176,
            0.0601034015417099
        ],
        "coil5": [
            0.06720507889986038,
            -0.04159703850746155,
            -0.03679738938808441
        ]
    },
    "HeadCoilCoordinateSystem": "ElektaNeuromag",
    "HeadCoilCoordinateUnits": "m",
    "AnatomicalLandmarkCoordinates": {
        "NAS": [
            -3.725290298461914e-09,
            0.08982416987419128,
            1.4901161193847656e-08
        ],
        "LPA": [
            -0.06879404187202454,
            0.0,
            1.4901161193847656e-08
        ],
        "RPA": [
            0.07442742586135864,
            0.0,
            0.0
        ],
        "coil1": [
            -0.15527351200580597,
            -0.08239370584487915,
            -0.18523187935352325
        ],
        "coil2": [
            -0.06464821845293045,
            -0.041689932346343994,
            -0.031154289841651917
        ],
        "coil3": [
            -0.04097861051559448,
            0.08245575428009033,
            0.062214285135269165
        ],
        "coil4": [
            0.05312798172235489,
            0.07857897877693176,
            0.0601034015417099
        ],
        "coil5": [
            0.06720507889986038,
            -0.04159703850746155,
            -0.03679738938808441
        ]
    },
    "AnatomicalLandmarkCoordinateSystem": "ElektaNeuromag",
    "AnatomicalLandmarkCoordinateUnits": "m"
}
