{
    "MEGCoordinateSystem": "ElektaNeuromag",
    "MEGCoordinateUnits": "m",
    "MEGCoordinateSystemDescription": "RAS orientation and the origin between the ears",
    "HeadCoilCoordinates": {
        "NAS": [
            1.862645149230957e-09,
            0.07971340417861938,
            0.0
        ],
        "LPA": [
            -0.058696724474430084,
            0.0,
            0.0
        ],
        "RPA": [
            0.058398112654685974,
            2.9802322387695312e-08,
            0.0
        ],
        "coil1": [
            -0.1388518512248993,
            -0.10311666131019592,
            -0.0899418517947197
        ],
        "coil2": [
            -0.05370359122753143,
            -0.030174940824508667,
            -0.026557765901088715
        ],
        "coil3": [
            -0.04235153645277023,
            0.07179957628250122,
            0.05133414641022682
        ],
        "coil4": [
            0.03589371591806412,
            0.0740119218826294,
            0.04880156368017197
        ],
        "coil5": [
            0.05640566721558571,
            -0.03211900591850281,
            -0.02331613004207611
        ]
    },
    "HeadCoilCoordinateSystem": "ElektaNeuromag",
    "HeadCoilCoordinateUnits": "m",
    "AnatomicalLandmarkCoordinates": {
        "NAS": [
            1.862645149230957e-09,
            0.07971340417861938,
            0.0
        ],
        "LPA": [
            -0.058696724474430084,
            0.0,
            0.0
        ],
        "RPA": [
            0.058398112654685974,
            2.9802322387695312e-08,
            0.0
        ],
        "coil1": [
            -0.1388518512248993,
            -0.10311666131019592,
            -0.0899418517947197
        ],
        "coil2": [
            -0.05370359122753143,
            -0.030174940824508667,
            -0.026557765901088715
        ],
        "coil3": [
            -0.04235153645277023,
            0.07179957628250122,
            0.05133414641022682
        ],
        "coil4": [
            0.03589371591806412,
            0.0740119218826294,
            0.04880156368017197
        ],
        "coil5": [
            0.05640566721558571,
            -0.03211900591850281,
            -0.02331613004207611
        ]
    },
    "AnatomicalLandmarkCoordinateSystem": "ElektaNeuromag",
    "AnatomicalLandmarkCoordinateUnits": "m"
}
