{
    "MEGCoordinateSystem": "ElektaNeuromag",
    "MEGCoordinateUnits": "m",
    "MEGCoordinateSystemDescription": "RAS orientation and the origin between the ears",
    "HeadCoilCoordinates": {
        "NAS": [
            0.0,
            0.08014437556266785,
            7.450580596923828e-09
        ],
        "LPA": [
            -0.054775312542915344,
            -2.9802322387695312e-08,
            -3.725290298461914e-09
        ],
        "RPA": [
            0.0642470270395279,
            0.0,
            -3.725290298461914e-09
        ],
        "coil1": [
            -0.1083466187119484,
            -0.09633849561214447,
            -0.11428380757570267
        ],
        "coil2": [
            -0.0443488284945488,
            -0.04031375050544739,
            -0.00958940014243126
        ],
        "coil3": [
            -0.036415837705135345,
            0.07979932427406311,
            0.05220302194356918
        ],
        "coil4": [
            0.05381317436695099,
            0.0770585834980011,
            0.04021407663822174
        ],
        "coil5": [
            0.05385729670524597,
            -0.038918450474739075,
            -0.018705107271671295
        ]
    },
    "HeadCoilCoordinateSystem": "ElektaNeuromag",
    "HeadCoilCoordinateUnits": "m",
    "AnatomicalLandmarkCoordinates": {
        "NAS": [
            0.0,
            0.08014437556266785,
            7.450580596923828e-09
        ],
        "LPA": [
            -0.054775312542915344,
            -2.9802322387695312e-08,
            -3.725290298461914e-09
        ],
        "RPA": [
            0.0642470270395279,
            0.0,
            -3.725290298461914e-09
        ],
        "coil1": [
            -0.1083466187119484,
            -0.09633849561214447,
            -0.11428380757570267
        ],
        "coil2": [
            -0.0443488284945488,
            -0.04031375050544739,
            -0.00958940014243126
        ],
        "coil3": [
            -0.036415837705135345,
            0.07979932427406311,
            0.05220302194356918
        ],
        "coil4": [
            0.05381317436695099,
            0.0770585834980011,
            0.04021407663822174
        ],
        "coil5": [
            0.05385729670524597,
            -0.038918450474739075,
            -0.018705107271671295
        ]
    },
    "AnatomicalLandmarkCoordinateSystem": "ElektaNeuromag",
    "AnatomicalLandmarkCoordinateUnits": "m"
}
