{
    "MEGCoordinateSystem": "ElektaNeuromag",
    "MEGCoordinateUnits": "m",
    "MEGCoordinateSystemDescription": "RAS orientation and the origin between the ears",
    "HeadCoilCoordinates": {
        "NAS": [
            3.725290298461914e-09,
            0.07517039775848389,
            -7.450580596923828e-09
        ],
        "LPA": [
            -0.059074025601148605,
            -2.9802322387695312e-08,
            -7.450580596923828e-09
        ],
        "RPA": [
            0.06459357589483261,
            -2.9802322387695312e-08,
            -9.313225746154785e-09
        ],
        "coil1": [
            -0.11886553466320038,
            -0.09143751114606857,
            -0.13552026450634003
        ],
        "coil2": [
            -0.048823099583387375,
            -0.03908897936344147,
            -0.024577924981713295
        ],
        "coil3": [
            -0.0469302274286747,
            0.0699632465839386,
            0.049403466284275055
        ],
        "coil4": [
            0.03158819302916527,
            0.08388778567314148,
            0.057417117059230804
        ],
        "coil5": [
            0.05704677104949951,
            -0.04423320293426514,
            -0.01721937768161297
        ]
    },
    "HeadCoilCoordinateSystem": "ElektaNeuromag",
    "HeadCoilCoordinateUnits": "m",
    "AnatomicalLandmarkCoordinates": {
        "NAS": [
            3.725290298461914e-09,
            0.07517039775848389,
            -7.450580596923828e-09
        ],
        "LPA": [
            -0.059074025601148605,
            -2.9802322387695312e-08,
            -7.450580596923828e-09
        ],
        "RPA": [
            0.06459357589483261,
            -2.9802322387695312e-08,
            -9.313225746154785e-09
        ],
        "coil1": [
            -0.11886553466320038,
            -0.09143751114606857,
            -0.13552026450634003
        ],
        "coil2": [
            -0.048823099583387375,
            -0.03908897936344147,
            -0.024577924981713295
        ],
        "coil3": [
            -0.0469302274286747,
            0.0699632465839386,
            0.049403466284275055
        ],
        "coil4": [
            0.03158819302916527,
            0.08388778567314148,
            0.057417117059230804
        ],
        "coil5": [
            0.05704677104949951,
            -0.04423320293426514,
            -0.01721937768161297
        ]
    },
    "AnatomicalLandmarkCoordinateSystem": "ElektaNeuromag",
    "AnatomicalLandmarkCoordinateUnits": "m"
}
