{
    "MEGCoordinateSystem": "ElektaNeuromag",
    "MEGCoordinateUnits": "m",
    "MEGCoordinateSystemDescription": "RAS orientation and the origin between the ears",
    "HeadCoilCoordinates": {
        "NAS": [
            7.450580596923828e-09,
            0.08238250017166138,
            0.0
        ],
        "LPA": [
            -0.05878892540931702,
            -5.960464477539063e-08,
            -7.450580596923828e-09
        ],
        "RPA": [
            0.06868351250886917,
            -2.9802322387695312e-08,
            0.0
        ],
        "coil1": [
            -0.11461134254932404,
            -0.1118498146533966,
            -0.11776384711265564
        ],
        "coil2": [
            -0.05040957033634186,
            -0.033508896827697754,
            -0.03617933392524719
        ],
        "coil3": [
            -0.03263215720653534,
            0.06787586212158203,
            0.062434498220682144
        ],
        "coil4": [
            0.04906543716788292,
            0.0695074200630188,
            0.05379708483815193
        ],
        "coil5": [
            0.05600367859005928,
            -0.03408074751496315,
            -0.04887466877698898
        ]
    },
    "HeadCoilCoordinateSystem": "ElektaNeuromag",
    "HeadCoilCoordinateUnits": "m",
    "AnatomicalLandmarkCoordinates": {
        "NAS": [
            7.450580596923828e-09,
            0.08238250017166138,
            0.0
        ],
        "LPA": [
            -0.05878892540931702,
            -5.960464477539063e-08,
            -7.450580596923828e-09
        ],
        "RPA": [
            0.06868351250886917,
            -2.9802322387695312e-08,
            0.0
        ],
        "coil1": [
            -0.11461134254932404,
            -0.1118498146533966,
            -0.11776384711265564
        ],
        "coil2": [
            -0.05040957033634186,
            -0.033508896827697754,
            -0.03617933392524719
        ],
        "coil3": [
            -0.03263215720653534,
            0.06787586212158203,
            0.062434498220682144
        ],
        "coil4": [
            0.04906543716788292,
            0.0695074200630188,
            0.05379708483815193
        ],
        "coil5": [
            0.05600367859005928,
            -0.03408074751496315,
            -0.04887466877698898
        ]
    },
    "AnatomicalLandmarkCoordinateSystem": "ElektaNeuromag",
    "AnatomicalLandmarkCoordinateUnits": "m"
}
