{
    "MEGCoordinateSystem": "ElektaNeuromag",
    "MEGCoordinateUnits": "m",
    "MEGCoordinateSystemDescription": "RAS orientation and the origin between the ears",
    "HeadCoilCoordinates": {
        "NAS": [
            0.0,
            0.08576855063438416,
            7.450580596923828e-09
        ],
        "LPA": [
            -0.05185801535844803,
            -2.9802322387695312e-08,
            0.0
        ],
        "RPA": [
            0.06437450647354126,
            0.0,
            0.0
        ],
        "coil1": [
            -0.10883446782827377,
            -0.10086271166801453,
            -0.13280843198299408
        ],
        "coil2": [
            -0.03615724295377731,
            -0.02787339873611927,
            -0.04443499445915222
        ],
        "coil3": [
            -0.03668281063437462,
            0.0698411762714386,
            0.06052084639668465
        ],
        "coil4": [
            0.046978361904621124,
            0.07502636313438416,
            0.05708291381597519
        ],
        "coil5": [
            0.05238180607557297,
            -0.03479936718940735,
            -0.03731440752744675
        ]
    },
    "HeadCoilCoordinateSystem": "ElektaNeuromag",
    "HeadCoilCoordinateUnits": "m",
    "AnatomicalLandmarkCoordinates": {
        "NAS": [
            0.0,
            0.08576855063438416,
            7.450580596923828e-09
        ],
        "LPA": [
            -0.05185801535844803,
            -2.9802322387695312e-08,
            0.0
        ],
        "RPA": [
            0.06437450647354126,
            0.0,
            0.0
        ],
        "coil1": [
            -0.10883446782827377,
            -0.10086271166801453,
            -0.13280843198299408
        ],
        "coil2": [
            -0.03615724295377731,
            -0.02787339873611927,
            -0.04443499445915222
        ],
        "coil3": [
            -0.03668281063437462,
            0.0698411762714386,
            0.06052084639668465
        ],
        "coil4": [
            0.046978361904621124,
            0.07502636313438416,
            0.05708291381597519
        ],
        "coil5": [
            0.05238180607557297,
            -0.03479936718940735,
            -0.03731440752744675
        ]
    },
    "AnatomicalLandmarkCoordinateSystem": "ElektaNeuromag",
    "AnatomicalLandmarkCoordinateUnits": "m"
}
